,,,Target Investment Stage,,,,,,,,,,,,,,,,Investment Areas（◎：Strong Focus、〇：In Scope）,,,,,
,,,,Target Investment Stage,,,,,,,,,,,,,,,,Investment Areas（◎：Strong Focus、〇：In Scope）,,,,
,No.,,Company / Fund Name（URL embedded）,Seed,Early,Middle/Growth,Later,Year Founded,Affiliation Type,Location,"Ticket Size 
(unit: JPY 100M)",Target Geographies,Monthly avg. # of deals,Example of Investments,Example of Exits,①Health/Bio,②Lifestyle,③Media/Ad,④Legacy,⑤Frontier,⑥Finance,⑦Enterprise,⑧Other,
x,1,https://xtech-ventures.co.jp/,XTech Ventures,◎,◎,〇,〇,2018,Independent,Tokyo,1.0,Japan,2.5,RiLi,SpaceMarket,,〇,〇,〇,〇,〇,〇,,
o,2,https://www.techv.co.jp/,Itochu Technology Ventures,〇,◎,〇,〇,2000,Independent,Gaienmae,1.0-2.0,Japan and overseas,1.0,Cure App,Mercari,〇,〇,〇,〇,〇,〇,〇,〇,
o,3,https://www.globiscapital.co.jp/ja/,Globis Capital Partners,〇,◎,◎,◎,2006,Independent,Kojimachi,,Japan,1.0,Mirativ,Mercari,〇,〇,〇,〇,〇,〇,〇,〇,
o,4,http://www.jafco.co.jp/,JAFCO,◎,◎,〇,-,1973,Independent,Toranomon,0.5-10.0,Japan and overseas,2.0,Bizreach,Gunosy,〇,〇,〇,〇,〇,〇,〇,〇,
o,5,https://wilab.com/,WiL,〇,◎,◎,〇,2013,Independent,Toranomon,1.0-10.0,Japan and overseas,0.6,Giftee,Mercari,〇,〇,〇,〇,〇,〇,〇,〇,
x,6,https://strive.vc/,STRIVE,◎,◎,〇,-,2011,Independent,Roppongi,2.0-5.0,Japan and overseas,0.8,Lancers,Geniee,,〇,〇,,〇,,,,
o,7,https://www.dcm.com/,DCM,◎,◎,〇,〇,2008,Global,Hibiya,3.0-10.0,Japan and overseas,0.5,Folio,Sansan,,,,,,,,,
x,8,https://globalbrains.com/,Global Brain,〇,◎,〇,〇,1998,Independent,Shibuya,1.0-5.0,Japan and overseas,2.7,CAMPFIRE,BASE,,,,,,,〇,,
o,9,http://yj-capital.co.jp/,Z Venture Capital,◎,◎,-,-,2012,Corporate,Akasaka Mitsuke,0.2-1.0,Japan,0.5,Yappli,GameWith,,〇,〇,,,〇,,,
o,10,https://eightroads.com/en/,Eight Roads Ventures Japan,-,-,◎,〇,1994,Global,Roppongi,5.0-15.0,Japan and overseas,0.4,Paidy,Yappli,,,,,,,,,
x,11,https://anri.vc/,ANRI,◎,◎,-,-,2012,Independent,Shibuya,0.3,Japan,1.2,AppBrew,Raksul,〇,〇,〇,〇,〇,〇,〇,〇,
o,12,https://www.dnx.vc/,DNX Ventures,◎,◎,-,-,2011,Global,Otemachi,0.1-5.0,Japan,1.8,HERP,TeamSpirit,,,,〇,〇,〇,〇,〇,
x,13,http://incubatefund.com/,Incubate Fund,◎,〇,-,-,2010,Independent,Roppongi,,Japan,2.5,Sansan,GameWith,,〇,,,,,,,
o,14,https://www.daiwa-inv.co.jp/,Daiwa Investment,◎,〇,-,-,2013,Financial Institution,Tokyo,0.2-2.0,Japan and overseas,0.6,PR Table,Kaonavi,,,,,,,,,
o,15,https://www.salesforce.com/jp/company/ventures/,Salesforce Ventures,〇,◎,◎,〇,2014,Global,Tokyo,0.5-1.0,Japan and overseas,1.0,freee,Sansan,,,,,,,〇,,
o,16,https://east.vc/,East Ventures,◎,〇,-,-,2010,Independent,Roppongi,0.03-0.05,Japan and overseas,10.0,Giraffe,Mercari,〇,〇,〇,〇,〇,〇,〇,〇,
o,17,https://www.dbj-cap.jp/,DBJ Capital,-,◎,-,-,2010,Government,Otemachi,1.0,Japan,0.7,Every,gumi,,,,〇,,,,,
o,18,http://www.bdashventures.com/,B Dash Ventures,◎,〇,〇,〇,2011,Independent,Roppongi,0.3-0.5,Japan and overseas,0.3,Funds (CloudPort),gumi,,,,,,,,,
o,19,http://www.archetype.co.jp/,Archetype Ventures,〇,◎,-,-,2013,Independent,Azabu Juban,0.3‐2.0,Japan and overseas,0.9,Autify,DataSection,,,,,,,〇,,
o,20,http://www.sbinvestment.co.jp/,SBI Investment,〇,〇,◎,〇,1996,Financial Institution,Roppongi,1.0-5.0,Japan and overseas,4.4,OLTA,CYBERDYNE,,,,,,,,,
o,21,https://www.ut-ec.co.jp/,UTEC（University of Tokyo Edge Capital）,◎,◎,〇,-,2004,University,Roppongi,1.0-2.0,Japan and overseas,0.5,Adacotech,PeptiDream,,,,,,,,,
o,22,https://dronefund.vc/,Drone Fund,◎,◎,〇,-,2017,Independent,Onarimon,,Japan and overseas,1.1,SkyDrive,ACSL,,,,,,,,,
o,23,https://www.jp-capital.jp/,Japan Post Capital,〇,〇,〇,〇,2017,Financial Institution,Otemachi,,Japan,0.9,CBcloud,Welby,,,,,,,,,
o,24,https://ee-investment.jp/,Energy Environment Investment,〇,〇,〇,〇,2006,Independent,Gotanda,0.X-2.0,Japan and overseas,1.0,Coconala,CRE,,,,〇,〇,,,〇,
o,25,https://www.mickk.com/,Mobile Internet Capital,〇,◎,〇,-,1999,Independent,Tameike Sando,,Japan,0.4,Azit,HEROZ,,,,,,,,,
o,26,#N/A,Digital Garage Ventures,◎,◎,〇,〇,2009,Corporate,Daikanyama,0.3-1.0,Japan and overseas,0.4,Panair,Twitter,,,,,,,,,
o,27,https://ventureunited.jp/,Venture United,◎,◎,-,-,2011,Corporate,Shibuya,0.3,Japan,1.0,Payke,Lifenet Insurance,,〇,〇,,,,,〇,
o,28,http://www.ffg-venture.co.jp/,FFG Venture Business Partners,〇,〇,〇,〇,2016,Financial Institution,Fukuoka,,Japan and overseas,0.8,Linough,-,,,,,,,,,
o,29,https://isgs-iw.com/,iSGS Investment Works,〇,◎,〇,〇,2016,Independent,Roppongi,0.2-0.5,Japan,0.4,Kanmu,-,,,,〇,,,,,
o,30,https://tbs-ip.co.jp/,TBS Innovation Partners,◎,◎,〇,〇,2013,Corporate,Akasaka,0.5-2.5,Japan and overseas,0.3,ABEJA,MoneyForward,,,,,,,,,
o,31,http://adways-ventures.net/ja/,Adways Ventures,◎,〇,-,-,2011,Corporate,Shinjuku,0.1-0.3,Japan,1.0,Rentio,Amazia,,〇,〇,,,,,〇,
o,32,https://bonds-ig.com/,Bonds Investment Group（formerly OPT Ventures),〇,◎,◎,〇,2015,Independent,Kitasando,1.0-5.0,Japan,0.5,SpaceMarket,Raksul,〇,〇,,◎,,〇,〇,◎,
o,33,https://www.incj.co.jp/,INCJ,〇,〇,〇,〇,2018,Government,Otemachi,,Japan and overseas,0.8,NileWorkes,Sansan,,,,,,,,,
o,34,https://wventures.jp/,W Ventures,◎,◎,-,-,2019,Independent,Shibuya,平均0.1-1.0、シード0.1-0.3,Japan,2.0,SnackMe,-,,〇,〇,〇,,,,,
o,35,https://f-ventures.vc/,F Ventures,◎,-,-,-,2016,Independent,Fukuoka,0.1-0.3,Japan,0.5,Timee,-,,〇,〇,〇,,〇,〇,〇,
o,36,http://www.monexventures.com/,Monex Ventures,〇,◎,-,-,2005,Financial Institution,Roppongi,,Japan,1.0,Stockclip,Uzabase,,,,〇,,,,,
o,37,https://coralcap.co/,Coral Capital,◎,◎,-,-,2019,Independent,Otemachi,初期 ~0.5、追加 ~2.0,Japan,1.2,Anyflow,PocketConcierge,〇,〇,〇,〇,〇,〇,〇,〇,
o,38,http://www.skyland.vc/,Skyland Ventures,◎,-,-,-,2012,Independent,Shibuya,0.03~0.3,Japan,0.2,LIPS,EventRegist,,,,,,,,,
o,39,https://www.keio-innovation.co.jp/,Keio Innovation Initiative,〇,〇,〇,〇,2015,University,Akabanebashi,0.1-1.0,Japan,0.4,Cure App,-,,,,,,,,,
o,40,#N/A,ANOBAKA,◎,◎,-,-,2015,Corporate,Shibuya,,Japan,0.9,yutori,Regulus Technologies,,,,,,,,,
o,41,https://www.sparx.co.jp/,Sparx Asset Management,〇,〇,〇,〇,1988,Financial Institution,Osaki,,Japan and overseas,,AI Medical Services,Giftee,,,,,,,,,
o,42,#N/A,D4V（Design for Ventures）,〇,◎,〇,-,2016,Corporate / Mixed,Omotesando,0.2-3.0,Japan,0.8,Financier,Digital Sensation,◎,◎,〇,〇,〇,◎,◎,〇,
o,43,http://beyondnextventures.com/,Beyond Next Ventures,◎,◎,-,-,2014,Independent,Nihonbashi,0.2-1.0,Japan,0.9,Elephantech,QD Laser,◎,,,〇,〇,,,◎,
o,44,https://www.genesiaventures.com/,Genesia Ventures,◎,◎,-,-,2016,Independent,Omotesando,初回 ~1.0、追加 ~5.0,Japan and overseas,2.0-3.0,Sukedachi,Shukatsu Net,〇,〇,〇,〇,〇,〇,〇,〇,
o,45,http://tlm.vc/,TLM,◎,-,-,-,2015,Independent,Shibuya,0.05~0.15,Japan,0.3,YOUTRUST,-,,〇,,,,,,,
o,46,https://dogan.vc/,DOGAN Beta,〇,〇,〇,〇,2017,Independent,Fukuoka,,Japan,0.4,inaho,-,,,,,,,,,
o,47,https://www.idaten.vc/,IDATEN Ventures,◎,-,-,-,2017,Independent,Roppongi,,Japan and overseas,0.2,QuantumCore,-,,,,,,,,,
o,48,https://apricot.vc/,Apricot Ventures,◎,-,-,-,2018,Independent,Shibuya,,Japan,0.5,favy,-,,,,,,,,,
o,49,https://scrum.vc/ja/,Scrum Ventures,◎,◎,-,-,2013,Global,Hamamatsucho,,Japan and overseas,0.1,Vacan,Pantry,,,,,,,,,
o,50,https://cyberagentcapital.com/,Cyber Agent Capital,◎,〇,-,-,2006,Corporate,Shibuya,0.2-0.5,Japan,0.5,Payme,CloudWorks,,,,,,,,,
,51,https://now.vc/,NOW,◎,-,-,-,2017,Independent,Roppongi,,Japan,1.3,PoliPoli,-,,,,,,,,,
o,52,https://deepcore.jp/,Deep Core,◎,〇,-,-,2017,Independent,Hongo 3-chome,,Japan and overseas,0.4,VAAK,-,,,,,,,,,
o,53,https://ubv.vc/,UB Ventures,〇,◎,〇,〇,2018,Corporate,Roppongi,,Japan,0.3,Spready,-,,,,,,,,,
o,54,https://www.fullcommit-partners.com/,Full Commit Partners,◎,-,-,-,2018,Independent,Roppongi,,Japan,,Moderate,-,,,,,,,,,
o,55,https://www.olm.co.jp/about/,OLM Ventures,◎,◎,-,-,2017,Corporate,Wakabayashi,,Japan,0.3,QON,-,,,,,,,,,
o,56,https://www.mtg.gr.jp/news/detail/2018/10/,MTG Ventures,◎,◎,-,-,2018,Corporate,Nagoya,,Japan,0.7,IMCF,-,,,,,,,,,
o,57,https://kankou-japan.jp/about/,Regional Revitalization Solutions,〇,〇,〇,〇,2018,Mixed,Otemachi,,Japan,0.2,SAKELOGY,-,,,,,,,,,
o,58,https://theseed.vc/,THESEEDCAPITAL,◎,-,-,-,2018,Independent,Shibuya,,Japan,0.1,New Innovations,-,,,〇,〇,〇,,〇,,
o,59,https://www.infinityventures.com/,Headline (Infinity Ventures),◎,-,-,-,2008,Independent,Yoga,,Japan and overseas,,COMPASS,MUSE & Co,,,,,,,,,
o,60,https://www.nissay-cap.co.jp/,Nissei Capital,◎,◎,〇,〇,1991,Insurance,Tokyo,0.2-5.0,Japan,1.5,Antway,OPT HD,,〇,,,,,,,
o,61,http://dentsu-v.com/,Dentsu Ventures,-,◎,◎,〇,2015,Corporate,Shiodome,,Japan and overseas,,FOLIO,Tsukuruba,,,,,,,,,
o,62,https://gmo-vp.com/,GMO VenturePartners,〇,〇,〇,〇,2005,Corporate,Shibuya,0.1-3.0,Japan and overseas,0.4,Chatwork,Mercari,〇,〇,〇,〇,〇,〇,〇,〇,
o,63,https://www.nvcc.co.jp/,Nippon Venture Capital,-,◎,◎,〇,1996,Independent,Tokyo,0.2-1.0,Japan,0.4,DataSign,StemRIM,,,,,,,,,
o,64,https://www.samurai-incubate.asia/,Samurai Incubate,◎,〇,-,-,2008,Independent,Roppongi,0.1-0.5,Japan and overseas,1.0,Yamap,Port,〇,〇,〇,〇,〇,〇,〇,〇,
o,65,https://asahimedialab.vc/,Asabi Media Lab Ventures,〇,〇,〇,〇,2017,Corporate,Tsukiji,,Japan and overseas,0.8,Lovegraph,-,,〇,,,,,,,
o,66,http://www.revic.co.jp/business/gp/,REVIC Capital,〇,〇,〇,〇,2013,Government,Otemachi,,Japan,0.5,Foodison,-,,,,,,,,,
o,67,http://qbc.co.jp/,QB Capital,〇,〇,-,-,2015,Mixed,Fukuoka,,Japan,0.2,Kotozna,-,,,,,,,,,
o,68,https://www.base.partners/,BASE Partners,◎,〇,〇,-,2017,Independent,Ebisu,,Japan,0.1,Airporter,Netch,,,,,,,,,
o,69,https://www.msivc.co.jp/,MS&AD Ventures,〇,〇,〇,〇,1990,Insurance,Tokyo,0.1~5.0,Japan and overseas,3.0,Zenport,MoneyForward,〇,〇,〇,〇,〇,〇,〇,〇,
o,70,https://voyage-ventures.com/,VOYAGE VENTURES,〇,◎,◎,〇,2011,Corporate,Shibuya,0.1~,Japan and overseas,0.8,Bitkey,Amazia,,◎,◎,〇,◎,,◎,,
o,71,https://www.fvc.co.jp/,Future Venture Capital,-,◎,-,-,1998,Independent,Kyoto,0.1,Japan and overseas,0.5,VISITS Technologies,Yumenomachi,,,,,,,,,
o,72,http://primalcap.com/,Primal Capital,◎,-,-,-,2014,Independent,Roppongi,,Japan,,one-visa,Connehito,,,,,,,,,
o,73,http://www.seibucapital.co.jp/,Seibu Capital,◎,◎,-,-,2003,Financial Institution,Nakano,0.3,Japan,0.2,Timee,Philcompany,,〇,,,〇,,,,
o,74,https://www.nttdocomo-v.com/,NTT Docomo Ventures,〇,〇,〇,〇,2008,Corporate,Roppongi,0.5-5.0,Japan and overseas,0.8,Toreta,Surala,,,,,,,,,
o,75,https://corporate.saisoncard.co.jp/wr_html/news_data/avmqks0000006265-att/,Saison Ventures,◎,◎,-,-,2015,Financial Institution,Ikebukuro,,Japan,0.3,hokan,-,,,,,,,,,
o,76,http://mistletoe.co/,Mistletoe,◎,〇,〇,-,2011,Independent,Green Mountain,0.1~0.5,Japan,0.4,Kitchike,SHIFT,,,,,,,,,
,77,https://www.beenext.com/,BEENEXT PTE. LTD.,◎,◎,-,-,2015,Corporate,Singapore,0.3-0.5,Japan and overseas,0.7,Oct,-,,,,,,,〇,,
o,78,https://www.venturelaboinvestment.co.jp/,Venture Labo Investment,◎,◎,-,-,2000,Independent,Tsukiji,,Japan,0.8,iYell,CYBERDYNE,,,,,,,,,
o,79,https://www.coloplnext.co.jp/,Coloplanext,◎,◎,-,-,2015,Corporate,Ebisu,0.1,Japan and overseas,0.3,A1A,MAKEY,,,,,,,,,
o,80,http://accordventures.co.jp/,Accord Ventures,◎,◎,-,-,2015,Independent,Roppongi,0.3-0.5,Japan and overseas,0.2,Zehitomo,AI CROSS,,,,,,,,,
o,81,http://tsuneishi-cp.com/,Tsuneishi Capital Partners,〇,◎,〇,〇,2010,Corporate,Hiroshima,0.1-0.3,Japan and overseas,-,Sensyn Robotics,SCHAFT,,,,,,,,,
o,82,http://www.gumiventures.jp/,gumi ventures,◎,◎,-,-,2012,Corporate,Shinjuku,,Japan and overseas,0.4,mikai,Metaps,,,,,,,,,
o,83,http://www.ikegin-c.jp/,Senshu Ikeda Capital,〇,〇,〇,〇,1989,Financial Institution,Osaka,,Japan,0.5,Solairo,Torikizoku,,,,,,,,,
o,84,http://www.h-vc.co.jp/,Hiroshima Venture Capital,〇,〇,〇,〇,1995,Financial Institution,Hiroshima,,Japan,0.2,Hacogym,PhoenixBio,,〇,,,,,〇,,
o,85,https://www.sanseicapital.com/,Sansei Capital,〇,〇,〇,〇,1991,Insurance,Daiba,,Japan,0.7,TableCheck,IBJ,,,,,,,,,
o,86,http://www.fti-jp.com/,First Track Initiative,◎,◎,-,-,2004,Independent,Hongo 3-chome,,Japan and overseas,0.2,PuREC,Chiome Bioscience,,,,,,,,,
o,87,https://www.realtech.fund/,REAL TECH FUND,◎,◎,-,-,2014,Mixed,Tamachi,,Japan,0.9,Challenergy,QD Laser,,,,,,,,,
o,88,https://capital.rakuten.com/jp/,Rakuten Capital,-,◎,◎,〇,2013,Corporate,Futakotamagawa,0.5-5.0,Japan and overseas,0.2,BASE FOOD,Pinterest,,,,,,,,,
o,89,http://www.iyo-capital.co.jp/,Iyogin Capital,◎,◎,-,-,1985,Financial Institution,Ehime,,Japan,0.4,IJGN,Grandes,,,,,,,,,
o,90,http://www.nf-partners.co.jp/,AG Capital,〇,〇,〇,〇,1985,Financial Institution,Mita,,Japan and overseas,0.9,Babel,Enigmo,,,,,,,,,
o,91,http://adventures.co.jp/,ABC Dream Ventures,-,〇,〇,〇,2015,Corporate,Osaka,,Japan,0.3,OneMedia,-,,,,,,,,,
o,92,http://miraisozo.co.jp/,Mirai Sozo,◎,〇,-,-,2014,Independent,Tokyo,,Japan,0.3,Synspective,Tsukuruba,,,,,,,,,
o,93,https://dg-daiwa-v.com/,DG Daiwa Ventures,-,〇,〇,〇,2016,Mixed,Daikanyama,,Japan and overseas,0.2,Origami,-,,,,,,,,,
o,94,http://www.chibagincapital.co.jp/,Chibagin Capital,〇,〇,-,-,1984,Financial Institution,Chiba,,Japan,0.5,SORABITO,Solar Silion Technology,,,,,,,,,
o,95,http://nagoyatv-vc.com/,Nagoya TV Ventures,◎,〇,〇,〇,2017,Corporate,Nagoya,,Japan and overseas,0.5,GAUSS,-,,,,,,,,,
o,96,https://aktsk.jp/,Akatsuki,〇,〇,〇,〇,2010,Corporate,Meguro,,Japan and overseas,0.7,TENTIAL,Tsukuruba,,,,,,,,,
o,97,https://www.tokaitokyo-fh.jp/corporate/group/ttinv/,Tokai Tokyo Investment,〇,◎,◎,〇,2006,Financial Institution,Kayabacho,,Japan,0.1,Tryeting,Renet Japan Group,,,,,,,〇,,副社長と投資部長、社長
o,98,https://www.marubeni.com/jp/news/2019/release/,Marubeni Ventures,-,◎,〇,-,2019,Corporate,Nihonbashi,1.0-2.0、Max5.0,Japan and overseas,,-,-,,〇,〇,〇,〇,〇,〇,,
o,99,https://lineventurescorp.com/ja/,LINE Ventures（merged in Z Venture Capital,〇,〇,〇,〇,2014,Corporate,Shinjuku,,Japan and overseas,0.3,Bespo,Trys,,,,,,,,,
o,100,https://chiba-dojo.jp/fund/,Chiba Dojo Fund,◎,-,-,◎,2019,Independent,Ebisu,,Japan,,-,-,,,,,,,,,
o,101,https://delight-ventures.com/,Delight Ventures,◎,◎,-,-,2019,Independent,Shibuya,0.5～1.0,Japan,1.5,Vivid Garden,-,,〇,〇,〇,,,,〇,
o,102,https://spiral-ventures.com/japan/,Spiral Ventures,◎,◎,〇,〇,2015,Independent,Toranomon,0.5～5.0,Japan,1.0,POL,-,◎,〇,〇,◎,◎,◎,〇,〇,
o,103,https://ventures.dmm.com/,DMM VENTURES,◎,〇,-,-,2018,Corporate,Roppongi,0.1,Japan and overseas,1.5,LOAD&ROAD,-,〇,〇,〇,〇,〇,〇,〇,〇,
o,104,http://www.tmi.gr.jp/topic/2019/,TMI Ventures,-,〇,-,-,2019,Corporate,Roppongi,,Japan,,TMI Privacy & Security Consulting,-,,,,,,,,,
,105,https://www.mucap.co.jp/,Mitsubishi UFJ Capital,〇,◎,〇,〇,1974,Financial Institution,Nihonbashi,0.5-3.0,Japan and overseas,3.1,Creema,Amazia,〇,〇,〇,〇,〇,〇,〇,〇,
,106,http://www.mizuho-vc.co.jp/,Mizuho Capital,-,◎,〇,〇,1983,Financial Institution,Otemachi,0.2-3.0,Japan,3.9,Panair,GA techonologies,〇,〇,〇,〇,〇,〇,〇,〇,
,107,http://www.smbc-vc.co.jp/,SMBC Venture Capital,〇,◎,〇,〇,2005,Financial Institution,Nihonbashi,0.2-3.0,Japan and overseas,5.3,SmartNews,BASE,〇,〇,〇,〇,〇,〇,〇,〇,
,108,https://www.sony.co.jp/SonyInfo/News/Press/201907/19-0703B/,Sony Innovation Fund,-,-,◎,◎,2016,Mixed,-,,,0.1,AI Medical Services,Wealthnavi,〇,〇,〇,〇,〇,〇,〇,〇,
,109,https://www.sparxai.co.jp/company/,Sparx AI & Technology Investment,〇,〇,〇,〇,2018,Corporate,Shinagawa,,Japan,2.0,POL,-,,,,,,,,,
,110,http://www.weruinvest.com/,Weru Investment,-,◎,-,-,1998,University,Waseda,,,0.1,Terra Motors,DataSection,,,,,,,,,
,111,https://www.dimensionfund.co.jp/,DIMENSION,◎,◎,〇,〇,2019,Corporate,Toranomon,数千万円～5億円,Japan,1.5,Brandit,Renova,✕,〇,〇,〇,〇,〇,〇,〇,
,112,https://www.15th-rock.com/,15th Rock Ventures,◎,-,-,◎,2019,Independent,Tsukiji,,,0.1,Gojo,-,,,,,〇,,,,
,113,http://www.digitalbase.co.jp/,Digital Base Capital,◎,-,-,-,2019,Independent,Hanzomon,,,0.1,ADDress,-,,〇,,,,,,,
,114,https://www.new-lifescience.com/,Shinsei Capital Partners,〇,〇,〇,〇,2018,Financial Institution,Nihonbashi,,Japan and overseas,0.7,TwoCells,-,〇,,,,,,,,
,115,#N/A,THE FUND,-,-,〇,◎,2019,Independent,Kamiyacho,"10.0-40.0
Middleでは1.0程度",Japan,,SmartHR,-,〇,〇,〇,〇,〇,〇,〇,〇,
,116,http://japan.plugandplaytechcenter.com/,PLUG AND PLAY JAPAN,◎,〇,-,-,2017,Global,Shibuya,,Japan,,Frich,-,〇,〇,〇,〇,〇,〇,〇,〇,
,117,http://www.shinsei-ci.com/,Shinsei Corporate Investment,-,〇,〇,〇,2012,Financial Institution,Mitsukoshimae,,Japan,0.7,UniFa,Mynet,〇,〇,〇,,〇,〇,〇,〇,
,118,https://gazellecapital.vc/,Gazelle Capital,◎,-,-,-,2019,Independent,Shibuya,,Japan,,SWIMMER,-,,,,〇,,,,〇,
,119,https://www.hakuhodody-ventures.co.jp/,Hakuhodo DY Ventures,〇,〇,〇,〇,2019,Corporate,Akasaka,,Japan,,toBe Marketing,-,,〇,〇,,〇,〇,〇,〇,
,120,https://www.0101maruigroup.co.jp/,Marui Group,-,〇,〇,-,2017,Corporate,Nakano,,Japan,,Sitateru,BASE,,〇,,〇,〇,,,,
,121,https://www.aozorabank.co.jp/about/newsrelease/2018/pdf/,Aozora Investment,-,〇,-,-,2018,Financial Institution,Kojimachi,,Japan,,InsightCore,-,,,,,,,,,
,122,https://futurefoodfund.co.jp/,Future Food Fund（Formerly FoodTech Fund）,-,〇,-,-,2016,Corporate,Osaki,,Japan and overseas,,Farmnote,-,,〇,,〇,,,,,
,123,https://www.growin.jp/,Growin Capital,-,〇,◎,〇,2005,Corporate,Akasaka,0.3～1.0,Japan,0.5,Slogan,Klavis,〇,〇,〇,〇,〇,〇,〇,〇,
,124,https://www.obunsha-v.co.jp/,Obunsha Ventures,-,◎,◎,-,2018,Corporate,Kojimachi,0.1～0.5,Japan and overseas,0.4,StudyPlus,-,,◎,〇,,,,,,
,125,https://josuiventures.com/,Josui Ventures,◎,〇,-,-,2019,University,Ebisu,0.05~0.3,Japan,,Felix INS,-,〇,〇,〇,〇,〇,〇,〇,〇,
,126,https://www.yumeplanning.jp/,Japan Startup Support Association JSSA,◎,-,-,-,2019,Mixed,Osaka,,Japan,,NextInnovation,-,〇,〇,〇,,〇,,〇,〇,
,127,https://www.i-nestcapital.com/,i-nest capital,〇,〇,〇,〇,2019,Independent,,,Japan,,Secure,-,〇,〇,,〇,〇,,,〇,
,128,https://thvp.co.jp/,Tohoku University Venture Partners (THVP),◎,◎,-,-,2015,University,Sendai,1.0-5.0,Japan and overseas,1.0,Epigno,-,◎,,,〇,〇,,〇,〇,
,129,https://gamebiz.jp/,Gree Ventures,-,-,-,-,2020,Corporate,Roppongi,,Japan,,-,-,,,,,,,,,
,130,https://enigmo.co.jp/,Enigmo,-,-,-,-,2004,Corporate,Akasaka,,Japan,,-,-,,,,,,,,,
,131,https://www.fastgrow.jp/articles/,Japan Angel Fund,◎,-,-,-,2018,Independent,-,0.3,Japan,,Elaly,-,,〇,,,,,,,
,132,https://www.umi.co.jp/,Universal Material Incubator,-,〇,〇,-,2015,Independent,Tsukiji,,Japan,,TIEM,-,,,,,,,,◎,
,133,https://assets.asics.com/pr/assets/400/images/,ASICS Ventures,〇,〇,〇,〇,2016,Corporate,Kobe,,Japan,,Neutral,-,◎,◎,,,〇,,,◎,
,134,https://www.igpi.co.jp/,IGPI,-,-,-,-,2007,Independent,Tokyo,,Japan and overseas,,,,,,,,,,,,
,135,https://corporate.m3.com/1p1y/,M3,〇,〇,〇,〇,2018,Corporate,,x.0-20.0,Japan and overseas,,Kringle Pharma,-,◎,,,,〇,,〇,,
,136,https://goinc.co.jp/go_fund/,GO FUND,◎,◎,〇,〇,2019,Independent,Roppongi,0.05〜1.0,Japan,,-,-,,,,,,,,,
,137,https://www.nikkei.com/article/DGXMZO34550490U8A820C1TJ1000/,Kirin HD,-,〇,〇,-,,Corporate,,0.5,Japan,,LOAD&ROAD,-,,〇,,,,,,,
,138,https://ssl4.eir-parts.net/doc/2170/ir_material_for_fiscal_ym/76162/,Link & Motivation,〇,◎,◎,〇,2013,Corporate,,1.0-5.0,Japan,,Akatsuki,Raksul,,〇,〇,,,,,,
,139,http://ifund.jp/,i-fund,◎,-,-,-,2020,Independent,,,Japan,,-,-,,◎,◎,,◎,,,,
,140,https://www.hack-ventures.com/,Hack Ventures,〇,-,-,-,2013,Independent,Osaka,,Japan,,NOCC,-,〇,〇,〇,〇,◎,,〇,〇,
,141,https://www.arcopartners.co/,Arco Partners,◎,〇,〇,〇,2016,Independent,Shimbashi,,Japan,,Pyrenee,-,〇,〇,〇,〇,〇,〇,〇,〇,
,142,https://gcp-j.com/,Global Catalyst Partners,-,-,-,-,2014,Global,Aoyama 1-chome,,Japan and overseas,,iYell,Raksul,〇,〇,〇,〇,〇,〇,〇,〇,
,143,https://allstarsaas.com/,ALL STAR SAAS FUND,〇,〇,〇,-,,Independent,,,Japan,,SmartHR,-,〇,,,〇,,,〇,,
,144,https://www.canal-v.com/,Canal Ventures,-,〇,-,-,2017,Corporate,Toyosu,,Japan,,Sprocket,FAST JAPAN,,〇,〇,〇,〇,〇,〇,〇,
,145,http://www.soraseed.vc/soraseed/,Soraseed Startups,◎,〇,-,-,2013,Independent,,0.1~0.3,Japan,,2501,Candle,,〇,〇,,,,〇,,
,146,https://info.lifetime-ventures.com/,Lifetime Ventures,◎,-,-,-,2017,Independent,Shinagawa,0.1~0.3,Japan,,UUUO,-,〇,〇,,〇,,〇,〇,〇,
,147,#N/A,Tokyo Founders Fund,◎,-,-,-,,Independent,,,Japan and overseas,,TVision Insights,Binded,,〇,〇,〇,〇,〇,〇,〇,
,148,#N/A,Tech Accel Ventures,◎,◎,-,-,2016,Mixed,,,Japan,,AISING,Miraisense,〇,〇,〇,〇,〇,〇,,〇,
,149,#N/A,Seven Woods Investment,◎,-,-,-,2016,Corporate,,0.1,Japan,,Casie,-,,〇,,〇,,,〇,,
,150,#N/A,Lead Capital Management（LCM）,-,〇,◎,◎,2006,Independent,Aoyama 1-chome,1.0-2.0,Japan and overseas,,Locondo,Medrx,〇,〇,〇,,,〇,〇,〇,
,151,#N/A,Femto Partners,◎,◎,〇,〇,2013,Mixed,Otemachi,1.0-1.5,Japan,,Toreta,-,,〇,〇,,,,〇,,
,152,#N/A,Fuji Startup Ventures,〇,〇,◎,〇,2013,Corporate,Daiba,0.2-0.5,Japan and overseas,,Spectee,JMTY,,〇,◎,,〇,,〇,〇,
,153,#N/A,Atomico,-,-,〇,〇,,Global,,,Japan and overseas,,SmartNews,Quipper,〇,〇,〇,〇,〇,〇,〇,〇,
,154,#N/A,KKR,-,-,-,◎,,Global,,10.0,Japan and overseas,,FromScratch,-,,,,,,,〇,〇,
,155,#N/A,Mirai Sozo Fund（Toyota・Sparx）,-,〇,◎,◎,2015,Corporate,,1.0-10.0,Japan and overseas,,HRBrain,Medley,〇,〇,〇,〇,◎,〇,〇,◎,
,156,#N/A,Recruit Strategic Partners（RSP）,-,〇,◎,〇,2008,Corporate,,0.5-1.0,Japan and overseas,,bitFlyer,Uzabase,,〇,〇,〇,〇,〇,〇,,
,157,#N/A,Omron Ventures,-,〇,〇,-,2014,Corporate,,0.3-1.0,,,Kyoto Robotics,LIFE Robotics,◎,,,◎,◎,,,,
,158,https://www.edulab-inc.com/,Edulab,-,-,-,-,,Corporate,,,,,,,,,,,,,,,
,159,https://onlab.jp/,Open Network Lab,◎,〇,-,-,,Corporate,,0.02-0.05,,,,,,,,,,,,,
,160,#N/A,DeNA,〇,〇,-,-,,Corporate,,0.1-0.2,,,,,,,,,,,,,
,161,#N/A,CA Mobile,-,〇,◎,-,,Corporate,,0.5-1.0,,,,,,,,,,,,,
,162,#N/A,Fujita Fund,-,-,-,-,,Corporate,,,,,,,,,,,,,,,
,163,#N/A,Sega,-,-,-,-,,Corporate,,,,,,,,,,,,,,,
,164,#N/A,mixi,-,-,-,-,,Corporate,,,,,,,,,,,,,,,
,165,#N/A,Dentsu Innovation Partners（Dentsu Digital）,-,〇,◎,-,,Corporate,,1.0-5.0,,,LivingStyle,WACUL,,〇,〇,,,,,,
,166,#N/A,Fidelity Investment,-,-,-,◎,,Global,,10.0,,,,,,,,,,,,,
,167,https://www.inspirecorp.co.jp/,Inspire Corp.,-,-,-,-,,Corporate,,,,,,,,,,,,,,,
,168,#N/A,Softbank KK,-,-,-,-,,Corporate,,,,,,,,,,,,,,,
,169,#N/A,KDDI,-,-,-,-,,Corporate,,,,,,,,,,,,,,,
,170,#N/A,LINE,-,-,-,-,,Corporate,,,,,,,,,,,,,,,
,171,#N/A,イード,-,-,-,-,,Corporate,,,,,,,,,,,,,,,
,172,#N/A,共同通信社,-,-,-,-,,Corporate,,,,,,,,,,,,,,,
,173,#N/A,Nikkei BP,-,-,-,-,1969,Corporate,Kamiyacho,,Japan,,Linkers,Medley,〇,,,,,,〇,〇,
,174,#N/A,EN JAPAN,-,〇,〇,-,2000,Corporate,Nishi-Shinjuku,,Japan,,Hajimari,Impact Holdings,〇,〇,〇,〇,〇,〇,〇,,
,175,#N/A,Orix Capital,-,〇,〇,〇,1983,Financial Institution,Hamamatsucho,,Japan,,KST World,HENNGE,〇,〇,〇,〇,〇,〇,〇,〇,
,176,#N/A,GAIAX,〇,〇,〇,-,1999,Corporate,Nagatacho,,Japan,,TRUSTDOCK,AppBank,,〇,〇,,〇,,〇,〇,
,177,#N/A,CookPad,-,〇,〇,-,1997,Corporate,Ebisu,,Japan,,Holiday,Umeebe,,〇,〇,,,〇,,,
,178,#N/A,Sunbridge Global Ventures,〇,〇,-,-,2012,Independent,Osaka,,Japan and overseas,,Mamasquare,Japan Venture Research,,〇,,,,,〇,,
,179,#N/A,Shizuoka Capital,〇,〇,〇,〇,1984,Financial Institution,Shizuoka,,Japan,,UniFa,JMC,〇,〇,〇,〇,〇,〇,〇,〇,
,180,#N/A,Shiseido Ventures Partners,-,〇,〇,-,2016,Corporate,Shimbashi,,Japan and overseas,,FiNC,-,〇,〇,,,,,,,
,181,#N/A,Shinkin Capital,〇,〇,-,-,1998,Financial Institution,Kyobashi,,Japan and overseas,,Tranbi,Japan Best Rescue System,〇,〇,〇,〇,,〇,〇,〇,
,182,#N/A,SFC,-,〇,-,-,1948,Corporate,Otemachi,,Japan,,LocalWorks,Renova,,,,〇,〇,,,〇,
,183,#N/A,Septeni Ventures,-,-,-,-,2011,Corporate,Nishi-Shinjuku,,Japan,,,,,,,,,,,,
,184,#N/A,SMN Ventures,-,-,-,-,2017,Corporate,Osaki,,Japan,,,-,,,,,,,,,
,185,#N/A,Takeda Ventures,-,-,-,-,,Corporate,,,Japan and overseas,,BiomX,Fate Therapeutics,◎,,,,,,,,
,186,#N/A,Terrada Warehouse,-,-,-,-,1950,Corporate,Tennozu Isle,,Japan,,Sumally,Boox,,◎,〇,◎,,,〇,〇,
,187,https://www.tel.co.jp/about/,TEL Venture Capital,-,-,-,-,2006,Corporate,,,Japan and overseas,,Preferred Networks,Molecular Imprints,〇,,,,,,〇,◎,
,188,https://www.nikon.co.jp/news/2016/,Nikon(Nikon-SBI Innovation Fund),-,〇,〇,〇,2016,Corporate,,,Japan,,,,,〇,,,◎,,〇,〇,
,189,http://www.jrw-inv.co.jp/,JR West Innovations,〇,〇,〇,〇,2016,Corporate,Osaka,,Japan,,WAmazing,-,〇,〇,〇,〇,〇,,〇,〇,
,190,https://www.bandainamcoent.co.jp/,Bandai Namco Entertainment,-,-,-,-,,Corporate,Shinagawa,,Japan,,Moff,CMerTV,〇,,〇,,〇,,,〇,
,191,https://www.basf.com/jp/,BASF Japan,-,-,-,-,1949,Corporate,Roppongi,,,,,,,,,,,,,,
,192,https://www.jti.co.jp/,Japan Tobacco,-,〇,〇,-,1985,Corporate,Toranomon,,Japan,,AromaBit,Yoshimura Food Holdings,〇,〇,,,,,,〇,
,193,https://www.mynavi.jp/,Mynavi,◎,◎,-,-,1973,Corporate,Takebashi,0.5-1.0,Japan,,favy,IiD,〇,〇,〇,〇,,〇,〇,,
,194,http://www.mitsui-global.com/,Mitsui Global Investment,-,-,-,-,1996,Corporate,Tokyo,,Japan and overseas,,QD Laser Inc.,boingo,〇,〇,〇,〇,,〇,〇,〇,
,195,https://www.31ventures.jp/,31VENTURES,〇,〇,〇,-,2015,Corporate,Mitsukoshimae,,Japan and overseas,,Cluster,LivingStyle,〇,〇,,〇,〇,〇,〇,〇,
,196,http://www.isetanmitsukoshi-innovations.co.jp/,Isetan Mitsukoshi Innovations,-,〇,〇,-,2016,Corporate,Shinjuku,,Japan,,Active Sonar,Giftee,,〇,〇,,,〇,,,
,197,https://www.yamato-hd.co.jp/news/2019/,Yamato Holdings,〇,〇,〇,-,2020,Corporate,,,Japan and overseas,,-,-,,,,◎,,,,,
,198,#N/A,Yamaha,-,-,-,-,,,,,,,,,,,,,,,,,
,199,https://recruit-holdings.co.jp/news_data/release/2014/,RGIP,-,-,-,-,2014,Corporate,Tokyo,,Japan and overseas,,Tripping,-,,〇,,,,,,,
,200,https://www.resona-gr.co.jp/resonacapital/,Resona Capital,-,-,-,-,1988,Financial Institution,Kiba,,Japan,,Jinjibu,Lifenet Insurance,〇,〇,〇,〇,,〇,〇,〇,
,201,https://jp.reapra.com/,REAPRA Ventures,-,-,-,-,2014,Corporate,Nishi-Shinjuku,,Japan and overseas,,FOODISON,-,〇,〇,,〇,〇,,〇,〇,
,202,#N/A,JR東日本スタートアップ,-,-,-,-,2018,Corporate,,,Japan,,akippa,-,,〇,〇,〇,〇,,,〇,
,203,#N/A,Kips,-,-,-,-,2006,Independent,Tokyo,,Japan,,AI Samurai,-,,,,,,,,,
,204,#N/A,Ceres,〇,〇,-,-,2005,Corporate,Yoga,,Japan,,DINETTE,Amazia,,〇,〇,,〇,◎,〇,,
,205,#N/A,Dip,〇,〇,-,-,1997,Corporate,Roppongi,,Japan,,CastEr,-,,〇,,,〇,〇,〇,〇,
,206,#N/A,SV-FINTECH Fund,◎,◎,-,-,2017,Mixed,Shibuya,0.1-0.5,Japan and overseas,,IT Realize,-,,,,,◎,◎,,,
,207,#N/A,Ikemori Venture Support,〇,〇,〇,-,2018,Independent,Shimbashi,,Japan,,Nonpi,-,,〇,,〇,,,〇,,
,208,#N/A,Femto Partners,-,-,-,-,2017,Independent,,,Japan,,CrowdCredit,-,,,,,,,,,
,209,#N/A,Double Sharp Partners,◎,◎,◎,-,2020,Corporate,,,Japan,,-,-,,,,,,,,,
,210,#N/A,Aflac Inovation Partners,-,〇,〇,-,2019,Corporate,Gaienmae,1.0,Japan and overseas,,Lily MedTech,-,◎,,,,,◎,,,
,211,#N/A,DD Holdings Venture Capital,-,〇,-,-,2018,Corporate,,,Japan,,GINKAN,-,,,,,,,,,
,212,#N/A,Gifty,-,〇,-,-,2010,Corporate,Gotanda,,Japan,,KINCHAKU,-,,,,,,,,,
,213,#N/A,SLD,-,〇,-,-,2004,Corporate,,,Japan,,GINKAN,-,,,,,,,,,
,214,#N/A,Aucfan,-,-,-,-,2007,Corporate,Meguro,,,,,,,,,,,,,,
,215,#N/A,Toppan Printing,-,-,-,-,,Corporate,,,,,,,,,,,,,,,
,216,#N/A,Pola Orbis Capital,-,-,-,-,2006,Corporate,Ginza,0.1-1.0,Japan and overseas,,DINETTE,-,◎,◎,〇,〇,〇,,〇,〇,
,217,#N/A,Oriental Land Innovations,-,-,-,-,2020,Corporate,,,Japan,,-,-,,,,,,,,,
,218,#N/A,Shikigaku Fund,◎,◎,-,-,2019,Corporate,Osaki,0.3-0.5,Japan,,Surpass,-,〇,〇,〇,〇,〇,〇,〇,〇,
,219,#N/A,One Capital,◎,◎,-,-,2020,Independent,Shinagawa,,Japan,,Boulder,-,〇,〇,〇,〇,〇,〇,◎,〇,
,220,#N/A,TOKYO UNIVERSITY OF SCIENCE INNOVATION CAPITAL (TUSIC),-,-,-,-,2018,University,Kagurazaka,0.5-5.0,Japan,,,,,,,,,,,,
,221,#N/A,PERSOL INNOVATION FUND,-,-,-,-,,Corporate,,,Japan,,,,,,,,,,,,
,222,#N/A,Raksul,-,-,-,-,,Corporate,,,Japan,,,,,,,,,,,,
,223,#N/A,BizTech Fund,-,-,-,-,,,,,,,,,,,,,,,,,
,224,#N/A,Aigin Mirai Sozo Fund,-,-,-,-,,,,,,,,,,,,,,,,,
,225,#N/A,JIC Venture Growth Investment,-,-,-,-,,,,,,,,,,,,,,,,,
,226,#N/A,JMTC Capital,-,-,-,-,,,,,,,,,,,,,,,,,
,227,#N/A,ATeam,-,-,-,-,,,,,,,,,,,,,,,,,
,228,#N/A,Dai Ichi Life,-,-,-,-,,,,,,,,,,,,,,,,,
,229,#N/A,Seino Holdings (Logistics Innovation Fund),-,-,-,-,2020,Corporate,,,,,,,,,,,,,,,
,230,#N/A,HIRAC FUND,◎,◎,-,-,2020,Corporate,,,Japan and overseas,,TENTIAL,-,,〇,,,,,〇,,
,231,#N/A,Advantage Risk Management,-,◎,◎,-,2020,Corporate,,~1.0,Japan and overseas,,,,,,,,,,,,
,232,#N/A,JOMDD,-,-,-,-,,,,,,,,,,,,,,,,,
,233,#N/A,Capital Medica Ventures,-,◎,◎,◎,2016,Corporate,,0.1~x.0,Japan,,Epigno,-,◎,,,,,,,,
,234,#N/A,GxPartners,◎,◎,-,-,2019,Independent,Fukuoka,0.1-0.3,Japan,,Panforyou,-,〇,〇,〇,〇,〇,〇,〇,〇,
,235,#N/A,Fresco Capital,-,〇,〇,-,2012,Global,Shimbashi,,Japan and overseas,,Snaptee,Little Bird,◎,〇,,〇,〇,,〇,〇,
,236,#N/A,Comrades Incubate,〇,◎,〇,-,2018,Corporate,Ebisu,0.1-0.2,Japan,,PayCareer,-,,,〇,〇,〇,,〇,,
,237,#N/A,FGN ABBALab Fund,◎,〇,-,-,2019,Independent,Tokyo/Fukuoka,0.03-2.0,Japan,3-5,tsumug,-,〇,〇,〇,〇,◎,〇,〇,〇,
,238,#N/A,Euglena Sustainable Ventures,-,-,-,-,2020,Corporate,Mita,,Japan,,βace,-,◎,〇,,,,,,◎,
,239,#N/A,Kufu Capital,-,-,-,-,2020,Corporate,,,Japan,,-,-,,〇,,,,〇,,,
,240,#N/A,Hito Communication Holdings,-,-,-,-,2020,Corporate,,,Japan,,AdInte,-,,◎,◎,〇,〇,〇,◎,〇,
,241,#N/A,Toyota AI Ventures,-,-,-,-,2019,Corporate,,,Japan and overseas,,,,,,,,,,,,
,242,#N/A,Woven Capital,-,-,-,-,2020,Corporate,,,Japan and overseas,,,,,,,,,,,,
,243,#N/A,Japan Post Investment,-,-,〇,◎,,Financial Institution,Tokyo,5.0〜,Japan and overseas,,Cloudian,-,,,,,,,,,
,244,#N/A,Kiraboshi Capital,-,-,-,-,2018,Financial Institution,Omotesando,,,,QD Laser,,,,,,,,,,
,245,#N/A,Quantum Leap Ventures,-,-,-,-,2019,Independent,Roppongi,,Japan,,,,,,,,,,,,
,246,#N/A,kemuri ventures,-,-,-,-,2020,Independent,,,Japan,,,,,,,,,,,,
,247,#N/A,Amuse Capital,-,-,-,-,,,,,,,,,,,,,,,,,
,248,#N/A,Spiral Capital,-,-,-,-,,,,,,,,,,,,,,,,,
,249,#N/A,Minerva Growth Partners,-,-,-,◎,2020,Independent,,,Japan,,CAMPFIRE,-,〇,〇,〇,〇,,〇,〇,,
,250,#N/A,SmartRegi Ventures,-,-,-,-,,,,,,,,,,,,,,,,,
,251,#N/A,Piala Ventures,-,-,-,-,,,,,,,,,,,,,,,,,
,252,#N/A,Shizen Capital,◎,◎,-,-,2020,Independent,Toranomon,0.1-0.5,Japan,,SignTime,,〇,〇,〇,〇,〇,〇,〇,〇,
,253,#N/A,,-,◎,-,-,2021,,-,,Japan and overseas,,,,,,,〇,〇,◎,〇,◎,
,254,#N/A,,◎,◎,〇,-,2011,,Ginza,,Japan and overseas,0.1,,,,,,,,,◎,,
,255,#N/A,Yazawa Ventures,◎,-,-,-,2020,Independent,Shibuya,0.05-0.3,Japan and overseas,1.0,TAIAN,-,◎,◎,〇,〇,〇,〇,〇,〇,
,256,#N/A,,◎,◎,-,-,2019,,Toranomon,0.1-0.5,Japan,,,,,,,,,,◎,,
,257,#N/A,,◎,◎,-,-,2023,,Kayabacho,0.2-5.0,Japan,,,,,,,,,,,,
,258,#N/A,,-,-,-,-,,,,,,,,,,,,,,,,,
,259,#N/A,,-,-,-,-,,,,,,,,,,,,,,,,,